Workbook

Sheet DIINA_Provenance_Log
A1: DIINA PROVENANCE & AUDIT LOG
A2: Case ID | B2: Domain / Category | C2: Clinical / Task Scenario | D2: Arm A System (e.g. DIINA) | E2: Arm B System (e.g. Baseline/Control) | F2: Prompt Generation Timestamp | G2: DIINA Output Hash / Version | H2: Baseline Output Hash / Version | I2: Lead Investigator Notes
A3: CASE_01 | B3: Diagnostics | C3: Clinical query and diagnostic challenge case 01 | D3: DIINA-v2.1 | E3: Standard LLM / Clinical Baseline | F3: 2025-02-15 09:30:00 | G3: SHA256:d11a001x9f... | H3: SHA256:base001a2b... | I3: Verified against clinical reference standards
A4: CASE_02 | B4: Therapeutics | C4: Clinical query and diagnostic challenge case 02 | D4: DIINA-v2.1 | E4: Standard LLM / Clinical Baseline | F4: 2025-02-15 09:30:00 | G4: SHA256:d11a002x9f... | H4: SHA256:base002a2b... | I4: Verified against clinical reference standards
A5: CASE_03 | B5: Pathology | C5: Clinical query and diagnostic challenge case 03 | D5: DIINA-v2.1 | E5: Standard LLM / Clinical Baseline | F5: 2025-02-15 09:30:00 | G5: SHA256:d11a003x9f... | H5: SHA256:base003a2b... | I5: Verified against clinical reference standards
A6: CASE_04 | B6: Surgical Planning | C6: Clinical query and diagnostic challenge case 04 | D6: DIINA-v2.1 | E6: Standard LLM / Clinical Baseline | F6: 2025-02-15 09:30:00 | G6: SHA256:d11a004x9f... | H6: SHA256:base004a2b... | I6: Verified against clinical reference standards
A7: CASE_05 | B7: Patient Triage | C7: Clinical query and diagnostic challenge case 05 | D7: DIINA-v2.1 | E7: Standard LLM / Clinical Baseline | F7: 2025-02-15 09:30:00 | G7: SHA256:d11a005x9f... | H7: SHA256:base005a2b... | I7: Verified against clinical reference standards
A8: CASE_06 | B8: Diagnostics | C8: Clinical query and diagnostic challenge case 06 | D8: DIINA-v2.1 | E8: Standard LLM / Clinical Baseline | F8: 2025-02-15 09:30:00 | G8: SHA256:d11a006x9f... | H8: SHA256:base006a2b... | I8: Verified against clinical reference standards
A9: CASE_07 | B9: Therapeutics | C9: Clinical query and diagnostic challenge case 07 | D9: DIINA-v2.1 | E9: Standard LLM / Clinical Baseline | F9: 2025-02-15 09:30:00 | G9: SHA256:d11a007x9f... | H9: SHA256:base007a2b... | I9: Verified against clinical reference standards
A10: CASE_08 | B10: Pathology | C10: Clinical query and diagnostic challenge case 08 | D10: DIINA-v2.1 | E10: Standard LLM / Clinical Baseline | F10: 2025-02-15 09:30:00 | G10: SHA256:d11a008x9f... | H10: SHA256:base008a2b... | I10: Verified against clinical reference standards
A11: CASE_09 | B11: Surgical Planning | C11: Clinical query and diagnostic challenge case 09 | D11: DIINA-v2.1 | E11: Standard LLM / Clinical Baseline | F11: 2025-02-15 09:30:00 | G11: SHA256:d11a009x9f... | H11: SHA256:base009a2b... | I11: Verified against clinical reference standards
A12: CASE_10 | B12: Patient Triage | C12: Clinical query and diagnostic challenge case 10 | D12: DIINA-v2.1 | E12: Standard LLM / Clinical Baseline | F12: 2025-02-15 09:30:00 | G12: SHA256:d11a010x9f... | H12: SHA256:base010a2b... | I12: Verified against clinical reference standards
A13: CASE_11 | B13: Diagnostics | C13: Clinical query and diagnostic challenge case 11 | D13: DIINA-v2.1 | E13: Standard LLM / Clinical Baseline | F13: 2025-02-15 09:30:00 | G13: SHA256:d11a011x9f... | H13: SHA256:base011a2b... | I13: Verified against clinical reference standards
... A22: CASE_20 | B22: Patient Triage | C22: Clinical query and diagnostic challenge case 20 | D22: DIINA-v2.1 | E22: Standard LLM / Clinical Baseline | F22: 2025-02-15 09:30:00 | G22: SHA256:d11a020x9f... | H22: SHA256:base020a2b... | I22: Verified against clinical reference standards

Sheet Blinded_Evaluation_Sheet
A1: BLINDED EDUCATIONAL EVALUATION SHEET (RATERS PROTOCOL) – 5-DIMENSION RUBRIC
A2: Evaluation ID | B2: Case ID | C2: Blinded Code | D2: Evaluator ID | E2: Dim 1: Factual / Technical Accuracy (1-5) | F2: Dim 2: Pedagogical Appropriateness (1-5) | G2: Dim 3: Linguistic Suitability (1-5) | H2: Dim 4: Cultural & Contextual Relevance / Fairness (1-5) | I2: Composite Score (Dims 1-4) | J2: Evaluator Comments | K2: Dim 5: Accountability & Provenance (1-5)
A3: EV_001 | B3: CASE_01 | C3: CASE_01_A | D3: EVAL_01 | E3: 4 | F3: 4 | G3: 4 | H3: 5 | I3: =AVERAGE(E3:H3) | J3: Pilot evaluation verified
A4: EV_002 | B4: CASE_01 | C4: CASE_01_B | D4: EVAL_01 | E4: 4 | F4: 4 | G4: 3 | H4: 4 | I4: =AVERAGE(E4:H4) | J4: Pilot evaluation verified
A5: EV_003 | B5: CASE_02 | C5: CASE_02_A | D5: EVAL_01 | E5: 4 | F5: 5 | G5: 4 | H5: 5 | I5: =AVERAGE(E5:H5) | J5: Pilot evaluation verified
A6: EV_004 | B6: CASE_02 | C6: CASE_02_B | D6: EVAL_01 | E6: 3 | F6: 4 | G6: 4 | H6: 4 | I6: =AVERAGE(E6:H6) | J6: Pilot evaluation verified
A7: EV_005 | B7: CASE_03 | C7: CASE_03_A | D7: EVAL_01 | E7: 5 | F7: 4 | G7: 4 | H7: 5 | I7: =AVERAGE(E7:H7) | J7: Pilot evaluation verified
A8: EV_006 | B8: CASE_03 | C8: CASE_03_B | D8: EVAL_01 | E8: 4 | F8: 3 | G8: 3 | H8: 5 | I8: =AVERAGE(E8:H8) | J8: Pilot evaluation verified
A9: EV_007 | B9: CASE_04 | C9: CASE_04_A | D9: EVAL_01 | E9: 4 | F9: 5 | G9: 5 | H9: 5 | I9: =AVERAGE(E9:H9) | J9: Pilot evaluation verified
A10: EV_008 | B10: CASE_04 | C10: CASE_04_B | D10: EVAL_01 | E10: 3 | F10: 4 | G10: 4 | H10: 4 | I10: =AVERAGE(E10:H10) | J10: Pilot evaluation verified
A11: EV_009 | B11: CASE_05 | C11: CASE_05_A | D11: EVAL_01 | E11: 4 | F11: 4 | G11: 4 | H11: 5 | I11: =AVERAGE(E11:H11) | J11: Pilot evaluation verified
A12: EV_010 | B12: CASE_05 | C12: CASE_05_B | D12: EVAL_01 | E12: 4 | F12: 4 | G12: 3 | H12: 4 | I12: =AVERAGE(E12:H12) | J12: Pilot evaluation verified
A13: EV_011 | B13: CASE_06 | C13: CASE_06_A | D13: EVAL_01 | E13: 5 | F13: 5 | G13: 4 | H13: 5 | I13: =AVERAGE(E13:H13) | J13: Pilot evaluation verified
A14: EV_012 | B14: CASE_06 | C14: CASE_06_B | D14: EVAL_01 | E14: 3 | F14: 3 | G14: 4 | H14: 5 | I14: =AVERAGE(E14:H14) | J14: Pilot evaluation verified
... A82: EV_080 | B82: CASE_20 | C82: CASE_20_B | D82: EVAL_02 | E82: 3 | F82: 4 | G82: 4 | H82: 4 | I82: =AVERAGE(E82:H82) | J82: Pilot evaluation verified

Sheet Master_Key_and_Analytics
A1: MASTER UNBLINDING KEY & ANALYTICS DASHBOARD
A2: Case ID | B2: Code Arm A | C2: System Arm A | D2: Code Arm B | E2: System Arm B | F2: Arm A Accuracy | G2: Arm B Accuracy | H2: Arm A Utility | I2: Arm B Utility | J2: Arm A Composite | K2: Arm B Composite | L2: Delta Composite (A - B) | M2: Advantage Status
A3: CASE_01 | B3: CASE_01_A | C3: DIINA (Model Under Test) | D3: CASE_01_B | E3: Baseline / Comparator | F3: Arm A – Dim 1 Accuracy | G3: Arm B – Dim 1 Accuracy | H3: Arm A – Dim 2 Pedagogy | I3: Arm B – Dim 2 Pedagogy | J3: Arm A Composite (Dims 1-4) | K3: Arm B Composite (Dims 1-4) | L3: =J3-K3 | M3: =IF(L3>0, "DIINA Superior", IF(L3<0, "Baseline Superior", "Equivalence"))
A4: CASE_02 | B4: CASE_02_A | C4: DIINA (Model Under Test) | D4: CASE_02_B | E4: Baseline / Comparator | F4: =AVERAGEIF(Blinded_Evaluation_Sheet!$C$3:$C$82, B4, Blinded_Evaluation_Sheet!$E$3:$E$82) | G4: =AVERAGEIF(Blinded_Evaluation_Sheet!$C$3:$C$82, D4, Blinded_Evaluation_Sheet!$E$3:$E$82) | H4: =AVERAGEIF(Blinded_Evaluation_Sheet!$C$3:$C$82, B4, Blinded_Evaluation_Sheet!$F$3:$F$82) | I4: =AVERAGEIF(Blinded_Evaluation_Sheet!$C$3:$C$82, D4, Blinded_Evaluation_Sheet!$F$3:$F$82) | J4: =AVERAGEIF(Blinded_Evaluation_Sheet!$C$3:$C$82, B4, Blinded_Evaluation_Sheet!$I$3:$I$82) | K4: =AVERAGEIF(Blinded_Evaluation_Sheet!$C$3:$C$82, D4, Blinded_Evaluation_Sheet!$I$3:$I$82) | L4: =J4-K4 | M4: =IF(L4>0, "DIINA Superior", IF(L4<0, "Baseline Superior", "Equivalence"))
A5: CASE_03 | B5: CASE_03_A | C5: DIINA (Model Under Test) | D5: CASE_03_B | E5: Baseline / Comparator | F5: =AVERAGEIF(Blinded_Evaluation_Sheet!$C$3:$C$82, B5, Blinded_Evaluation_Sheet!$E$3:$E$82) | G5: =AVERAGEIF(Blinded_Evaluation_Sheet!$C$3:$C$82, D5, Blinded_Evaluation_Sheet!$E$3:$E$82) | H5: =AVERAGEIF(Blinded_Evaluation_Sheet!$C$3:$C$82, B5, Blinded_Evaluation_Sheet!$F$3:$F$82) | I5: =AVERAGEIF(Blinded_Evaluation_Sheet!$C$3:$C$82, D5, Blinded_Evaluation_Sheet!$F$3:$F$82) | J5: =AVERAGEIF(Blinded_Evaluation_Sheet!$C$3:$C$82, B5, Blinded_Evaluation_Sheet!$I$3:$I$82) | K5: =AVERAGEIF(Blinded_Evaluation_Sheet!$C$3:$C$82, D5, Blinded_Evaluation_Sheet!$I$3:$I$82) | L5: =J5-K5 | M5: =IF(L5>0, "DIINA Superior", IF(L5<0, "Baseline Superior", "Equivalence"))
A6: CASE_04 | B6: CASE_04_A | C6: DIINA (Model Under Test) | D6: CASE_04_B | E6: Baseline / Comparator | F6: =AVERAGEIF(Blinded_Evaluation_Sheet!$C$3:$C$82, B6, Blinded_Evaluation_Sheet!$E$3:$E$82) | G6: =AVERAGEIF(Blinded_Evaluation_Sheet!$C$3:$C$82, D6, Blinded_Evaluation_Sheet!$E$3:$E$82) | H6: =AVERAGEIF(Blinded_Evaluation_Sheet!$C$3:$C$82, B6, Blinded_Evaluation_Sheet!$F$3:$F$82) | I6: =AVERAGEIF(Blinded_Evaluation_Sheet!$C$3:$C$82, D6, Blinded_Evaluation_Sheet!$F$3:$F$82) | J6: =AVERAGEIF(Blinded_Evaluation_Sheet!$C$3:$C$82, B6, Blinded_Evaluation_Sheet!$I$3:$I$82) | K6: =AVERAGEIF(Blinded_Evaluation_Sheet!$C$3:$C$82, D6, Blinded_Evaluation_Sheet!$I$3:$I$82) | L6: =J6-K6 | M6: =IF(L6>0, "DIINA Superior", IF(L6<0, "Baseline Superior", "Equivalence"))
A7: CASE_05 | B7: CASE_05_A | C7: DIINA (Model Under Test) | D7: CASE_05_B | E7: Baseline / Comparator | F7: =AVERAGEIF(Blinded_Evaluation_Sheet!$C$3:$C$82, B7, Blinded_Evaluation_Sheet!$E$3:$E$82) | G7: =AVERAGEIF(Blinded_Evaluation_Sheet!$C$3:$C$82, D7, Blinded_Evaluation_Sheet!$E$3:$E$82) | H7: =AVERAGEIF(Blinded_Evaluation_Sheet!$C$3:$C$82, B7, Blinded_Evaluation_Sheet!$F$3:$F$82) | I7: =AVERAGEIF(Blinded_Evaluation_Sheet!$C$3:$C$82, D7, Blinded_Evaluation_Sheet!$F$3:$F$82) | J7: =AVERAGEIF(Blinded_Evaluation_Sheet!$C$3:$C$82, B7, Blinded_Evaluation_Sheet!$I$3:$I$82) | K7: =AVERAGEIF(Blinded_Evaluation_Sheet!$C$3:$C$82, D7, Blinded_Evaluation_Sheet!$I$3:$I$82) | L7: =J7-K7 | M7: =IF(L7>0, "DIINA Superior", IF(L7<0, "Baseline Superior", "Equivalence"))
A8: CASE_06 | B8: CASE_06_A | C8: DIINA (Model Under Test) | D8: CASE_06_B | E8: Baseline / Comparator | F8: =AVERAGEIF(Blinded_Evaluation_Sheet!$C$3:$C$82, B8, Blinded_Evaluation_Sheet!$E$3:$E$82) | G8: =AVERAGEIF(Blinded_Evaluation_Sheet!$C$3:$C$82, D8, Blinded_Evaluation_Sheet!$E$3:$E$82) | H8: =AVERAGEIF(Blinded_Evaluation_Sheet!$C$3:$C$82, B8, Blinded_Evaluation_Sheet!$F$3:$F$82) | I8: =AVERAGEIF(Blinded_Evaluation_Sheet!$C$3:$C$82, D8, Blinded_Evaluation_Sheet!$F$3:$F$82) | J8: =AVERAGEIF(Blinded_Evaluation_Sheet!$C$3:$C$82, B8, Blinded_Evaluation_Sheet!$I$3:$I$82) | K8: =AVERAGEIF(Blinded_Evaluation_Sheet!$C$3:$C$82, D8, Blinded_Evaluation_Sheet!$I$3:$I$82) | L8: =J8-K8 | M8: =IF(L8>0, "DIINA Superior", IF(L8<0, "Baseline Superior", "Equivalence"))
A9: CASE_07 | B9: CASE_07_A | C9: DIINA (Model Under Test) | D9: CASE_07_B | E9: Baseline / Comparator | F9: =AVERAGEIF(Blinded_Evaluation_Sheet!$C$3:$C$82, B9, Blinded_Evaluation_Sheet!$E$3:$E$82) | G9: =AVERAGEIF(Blinded_Evaluation_Sheet!$C$3:$C$82, D9, Blinded_Evaluation_Sheet!$E$3:$E$82) | H9: =AVERAGEIF(Blinded_Evaluation_Sheet!$C$3:$C$82, B9, Blinded_Evaluation_Sheet!$F$3:$F$82) | I9: =AVERAGEIF(Blinded_Evaluation_Sheet!$C$3:$C$82, D9, Blinded_Evaluation_Sheet!$F$3:$F$82) | J9: =AVERAGEIF(Blinded_Evaluation_Sheet!$C$3:$C$82, B9, Blinded_Evaluation_Sheet!$I$3:$I$82) | K9: =AVERAGEIF(Blinded_Evaluation_Sheet!$C$3:$C$82, D9, Blinded_Evaluation_Sheet!$I$3:$I$82) | L9: =J9-K9 | M9: =IF(L9>0, "DIINA Superior", IF(L9<0, "Baseline Superior", "Equivalence"))
A10: CASE_08 | B10: CASE_08_A | C10: DIINA (Model Under Test) | D10: CASE_08_B | E10: Baseline / Comparator | F10: =AVERAGEIF(Blinded_Evaluation_Sheet!$C$3:$C$82, B10, Blinded_Evaluation_Sheet!$E$3:$E$82) | G10: =AVERAGEIF(Blinded_Evaluation_Sheet!$C$3:$C$82, D10, Blinded_Evaluation_Sheet!$E$3:$E$82) | H10: =AVERAGEIF(Blinded_Evaluation_Sheet!$C$3:$C$82, B10, Blinded_Evaluation_Sheet!$F$3:$F$82) | I10: =AVERAGEIF(Blinded_Evaluation_Sheet!$C$3:$C$82, D10, Blinded_Evaluation_Sheet!$F$3:$F$82) | J10: =AVERAGEIF(Blinded_Evaluation_Sheet!$C$3:$C$82, B10, Blinded_Evaluation_Sheet!$I$3:$I$82) | K10: =AVERAGEIF(Blinded_Evaluation_Sheet!$C$3:$C$82, D10, Blinded_Evaluation_Sheet!$I$3:$I$82) | L10: =J10-K10 | M10: =IF(L10>0, "DIINA Superior", IF(L10<0, "Baseline Superior", "Equivalence"))
A11: CASE_09 | B11: CASE_09_A | C11: DIINA (Model Under Test) | D11: CASE_09_B | E11: Baseline / Comparator | F11: =AVERAGEIF(Blinded_Evaluation_Sheet!$C$3:$C$82, B11, Blinded_Evaluation_Sheet!$E$3:$E$82) | G11: =AVERAGEIF(Blinded_Evaluation_Sheet!$C$3:$C$82, D11, Blinded_Evaluation_Sheet!$E$3:$E$82) | H11: =AVERAGEIF(Blinded_Evaluation_Sheet!$C$3:$C$82, B11, Blinded_Evaluation_Sheet!$F$3:$F$82) | I11: =AVERAGEIF(Blinded_Evaluation_Sheet!$C$3:$C$82, D11, Blinded_Evaluation_Sheet!$F$3:$F$82) | J11: =AVERAGEIF(Blinded_Evaluation_Sheet!$C$3:$C$82, B11, Blinded_Evaluation_Sheet!$I$3:$I$82) | K11: =AVERAGEIF(Blinded_Evaluation_Sheet!$C$3:$C$82, D11, Blinded_Evaluation_Sheet!$I$3:$I$82) | L11: =J11-K11 | M11: =IF(L11>0, "DIINA Superior", IF(L11<0, "Baseline Superior", "Equivalence"))
A12: CASE_10 | B12: CASE_10_A | C12: DIINA (Model Under Test) | D12: CASE_10_B | E12: Baseline / Comparator | F12: =AVERAGEIF(Blinded_Evaluation_Sheet!$C$3:$C$82, B12, Blinded_Evaluation_Sheet!$E$3:$E$82) | G12: =AVERAGEIF(Blinded_Evaluation_Sheet!$C$3:$C$82, D12, Blinded_Evaluation_Sheet!$E$3:$E$82) | H12: =AVERAGEIF(Blinded_Evaluation_Sheet!$C$3:$C$82, B12, Blinded_Evaluation_Sheet!$F$3:$F$82) | I12: =AVERAGEIF(Blinded_Evaluation_Sheet!$C$3:$C$82, D12, Blinded_Evaluation_Sheet!$F$3:$F$82) | J12: =AVERAGEIF(Blinded_Evaluation_Sheet!$C$3:$C$82, B12, Blinded_Evaluation_Sheet!$I$3:$I$82) | K12: =AVERAGEIF(Blinded_Evaluation_Sheet!$C$3:$C$82, D12, Blinded_Evaluation_Sheet!$I$3:$I$82) | L12: =J12-K12 | M12: =IF(L12>0, "DIINA Superior", IF(L12<0, "Baseline Superior", "Equivalence"))
A13: CASE_11 | B13: CASE_11_A | C13: DIINA (Model Under Test) | D13: CASE_11_B | E13: Baseline / Comparator | F13: =AVERAGEIF(Blinded_Evaluation_Sheet!$C$3:$C$82, B13, Blinded_Evaluation_Sheet!$E$3:$E$82) | G13: =AVERAGEIF(Blinded_Evaluation_Sheet!$C$3:$C$82, D13, Blinded_Evaluation_Sheet!$E$3:$E$82) | H13: =AVERAGEIF(Blinded_Evaluation_Sheet!$C$3:$C$82, B13, Blinded_Evaluation_Sheet!$F$3:$F$82) | I13: =AVERAGEIF(Blinded_Evaluation_Sheet!$C$3:$C$82, D13, Blinded_Evaluation_Sheet!$F$3:$F$82) | J13: =AVERAGEIF(Blinded_Evaluation_Sheet!$C$3:$C$82, B13, Blinded_Evaluation_Sheet!$I$3:$I$82) | K13: =AVERAGEIF(Blinded_Evaluation_Sheet!$C$3:$C$82, D13, Blinded_Evaluation_Sheet!$I$3:$I$82) | L13: =J13-K13 | M13: =IF(L13>0, "DIINA Superior", IF(L13<0, "Baseline Superior", "Equivalence"))
A14: CASE_12 | B14: CASE_12_A | C14: DIINA (Model Under Test) | D14: CASE_12_B | E14: Baseline / Comparator | F14: =AVERAGEIF(Blinded_Evaluation_Sheet!$C$3:$C$82, B14, Blinded_Evaluation_Sheet!$E$3:$E$82) | G14: =AVERAGEIF(Blinded_Evaluation_Sheet!$C$3:$C$82, D14, Blinded_Evaluation_Sheet!$E$3:$E$82) | H14: =AVERAGEIF(Blinded_Evaluation_Sheet!$C$3:$C$82, B14, Blinded_Evaluation_Sheet!$F$3:$F$82) | I14: =AVERAGEIF(Blinded_Evaluation_Sheet!$C$3:$C$82, D14, Blinded_Evaluation_Sheet!$F$3:$F$82) | J14: =AVERAGEIF(Blinded_Evaluation_Sheet!$C$3:$C$82, B14, Blinded_Evaluation_Sheet!$I$3:$I$82) | K14: =AVERAGEIF(Blinded_Evaluation_Sheet!$C$3:$C$82, D14, Blinded_Evaluation_Sheet!$I$3:$I$82) | L14: =J14-K14 | M14: =IF(L14>0, "DIINA Superior", IF(L14<0, "Baseline Superior", "Equivalence"))
A15: CASE_13 | B15: CASE_13_A | C15: DIINA (Model Under Test) | D15: CASE_13_B | E15: Baseline / Comparator | F15: =AVERAGEIF(Blinded_Evaluation_Sheet!$C$3:$C$82, B15, Blinded_Evaluation_Sheet!$E$3:$E$82) | G15: =AVERAGEIF(Blinded_Evaluation_Sheet!$C$3:$C$82, D15, Blinded_Evaluation_Sheet!$E$3:$E$82) | H15: =AVERAGEIF(Blinded_Evaluation_Sheet!$C$3:$C$82, B15, Blinded_Evaluation_Sheet!$F$3:$F$82) | I15: =AVERAGEIF(Blinded_Evaluation_Sheet!$C$3:$C$82, D15, Blinded_Evaluation_Sheet!$F$3:$F$82) | J15: =AVERAGEIF(Blinded_Evaluation_Sheet!$C$3:$C$82, B15, Blinded_Evaluation_Sheet!$I$3:$I$82) | K15: =AVERAGEIF(Blinded_Evaluation_Sheet!$C$3:$C$82, D15, Blinded_Evaluation_Sheet!$I$3:$I$82) | L15: =J15-K15 | M15: =IF(L15>0, "DIINA Superior", IF(L15<0, "Baseline Superior", "Equivalence"))
... A22: CASE_20 | B22: CASE_20_A | C22: DIINA (Model Under Test) | D22: CASE_20_B | E22: Baseline / Comparator | F22: =AVERAGEIF(Blinded_Evaluation_Sheet!$C$3:$C$82, B22, Blinded_Evaluation_Sheet!$E$3:$E$82) | G22: =AVERAGEIF(Blinded_Evaluation_Sheet!$C$3:$C$82, D22, Blinded_Evaluation_Sheet!$E$3:$E$82) | H22: =AVERAGEIF(Blinded_Evaluation_Sheet!$C$3:$C$82, B22, Blinded_Evaluation_Sheet!$F$3:$F$82) | I22: =AVERAGEIF(Blinded_Evaluation_Sheet!$C$3:$C$82, D22, Blinded_Evaluation_Sheet!$F$3:$F$82) | J22: =AVERAGEIF(Blinded_Evaluation_Sheet!$C$3:$C$82, B22, Blinded_Evaluation_Sheet!$I$3:$I$82) | K22: =AVERAGEIF(Blinded_Evaluation_Sheet!$C$3:$C$82, D22, Blinded_Evaluation_Sheet!$I$3:$I$82) | L22: =J22-K22 | M22: =IF(L22>0, "DIINA Superior", IF(L22<0, "Baseline Superior", "Equivalence"))
A23: OVERALL AVERAGE | F23: =AVERAGE(F3:F22) | G23: =AVERAGE(G3:G22) | H23: =AVERAGE(H3:H22) | I23: =AVERAGE(I3:I22) | J23: =AVERAGE(J3:J22) | K23: =AVERAGE(K3:K22) | L23: =AVERAGE(L3:L22) | M23: =IF(L23>0, "DIINA Outperforms Overall", "Baseline Parity/Superior")
B26: PILOT STUDY KPI SUMMARY METRICS
B27: Arm A (DIINA) Mean Composite Score | E27: =AVERAGE(J3:J22)
B28: Arm B (Baseline) Mean Composite Score | E28: =AVERAGE(K3:K22)
B29: Mean Delta Gain (DIINA vs. Baseline) | E29: =L23
B30: Cases DIINA Superior (Delta > 0) | E30: =COUNTIF(L3:L22, ">0")
B31: Cases Baseline Superior (Delta < 0) | E31: =COUNTIF(L3:L22, "<0")
B32: Cases Parity / Tie (Delta = 0) | E32: =COUNTIF(L3:L22, "=0")
B33: DIINA Win Rate (%) | E33: =COUNTIF(L3:L22, ">0")/COUNTA(L3:L22)
